"","gene_list...1.","gates_df","X1","X2","simpleM_df","no_snps_per_gene","GATES_adj","VEGAS_adj","VEGAS10_adj","VEGAS_simpleM_adj"
"1","ACE",0.008662,0.008999,0.160584,0.010391,14,0.04331,0.044995,0.642336,0.051955
"2","TMPRSS2",0.108974,0.174583,0.017098,0.182544,8,0.435896,0.698332,0.08549,0.730176
"4","SIGLEC7",0.2788,0.258974,0.294371,0.259368,2,0.8364,0.776922,0.883113,0.778104
"3","SELL",0.526604,0.412659,0.466053,0.453722,6,1,0.825318,0.932106,0.907444
"5","SLC6A20",0.627806,0.519248,0.646435,0.560863,16,1,0.825318,0.932106,0.907444
