"","gene_list...1.","gates_df","X1","X2","simpleM_df","no_snps_per_gene","GATES_adj","VEGAS_adj","VEGAS10_adj","VEGAS_simpleM_adj"
"4","SIGLEC7",0.011322,0.012799,0.019398,0.01129,2,0.05661,0.063995,0.09699,0.05645
"1","ACE",0.021132,0.020198,0.341866,0.02514,13,0.084528,0.080792,1,0.10056
"2","TMPRSS2",0.22065,0.254775,0.143086,0.273485,8,0.66195,0.764325,0.572344,0.820455
"3","SELL",0.483426,0.613039,0.493851,0.655423,6,0.966852,0.79612,1,0.860244
"5","SLC6A20",0.532479,0.39806,0.529147,0.430122,16,0.966852,0.79612,1,0.860244
